//*LEVEL,1,,,,,,,,,,,,,,,,,,,,,,,,,,,,,,,
START,,,,,,,,,,,,,,,,,,,,,,,,,,,,,,,,
1:04:01,1:04:01,1:04:01,1:04:01,1:04:01,1:04:01,1:04:01,1:04:01,1:04:01,1:04:01,1:04:01,1:04:01,1:04:01,1:04:01,1:04:01,1:04:01,1:04:01,1:04:01,1:04:01,1:04:01,1:04:01,1:04:01,1:04:01,1:04:01,1:04:01,1:04:01,1:04:01,1:04:01,1:04:01,1:04:01,1:04:01,1:04:01,1:01:01
1:04:01,1:04:01,1:04:01,1:04:01,1:04:01,1:04:01,1:04:01,1:04:01,1:04:01,1:04:01,1:04:01,1:04:01,1:04:01,1:04:01,1:04:01,1:04:01,1:04:01,1:04:01,1:04:01,1:04:01,1:04:01,1:04:01,1:04:01,1:04:01,1:04:01,1:04:01,1:04:01,1:04:01,1:04:01,1:04:01,1:04:01,1:04:01,1:01:01
1:04:01,0:00:00,0:00:00,0:00:00,0:00:00,0:00:00,0:00:00,0:00:00,0:00:00,0:00:00,0:00:01,0:00:01,0:00:00,0:00:00,0:00:00,0:00:00,0:00:00,0:00:00,0:00:00,0:00:01,0:00:01,0:00:00,0:00:00,0:00:00,0:00:00,0:00:00,0:00:00,0:00:00,0:00:00,0:00:00,1:04:01,1:04:01,1:01:01
1:04:01,0:00:00,0:00:00,0:00:00,0:00:00,0:00:00,0:00:00,0:00:00,0:00:00,0:00:00,0:00:01,0:00:01,0:00:00,0:00:00,0:00:00,0:00:00,0:00:00,0:00:00,0:00:00,0:00:01,0:00:01,0:00:00,0:00:00,0:00:00,0:00:00,0:00:00,0:00:00,0:00:00,0:00:00,0:00:00,1:04:01,1:04:01,1:01:01
1:04:01,0:00:00,0:00:00,0:00:00,0:00:00,0:00:00,0:00:00,0:00:00,0:00:00,0:00:00,0:00:01,0:00:01,0:00:00,0:00:00,1:04:01,1:04:01,1:04:01,0:00:00,0:00:00,0:00:01,0:00:01,0:00:00,0:00:00,0:00:00,0:00:00,0:00:00,0:00:00,0:00:00,0:00:00,0:00:00,1:04:01,1:04:01,1:01:01
1:04:01,0:00:00,0:00:00,0:00:00,0:00:00,0:00:00,0:00:00,0:00:00,0:00:00,0:00:00,1:04:04,1:04:01,1:04:01,0:00:00,0:00:00,0:00:00,0:00:00,0:00:00,1:04:01,1:04:01,1:04:01,0:00:00,0:00:00,0:00:00,0:00:00,0:00:00,0:00:00,0:00:00,0:00:00,0:00:00,1:04:01,1:04:01,1:01:01
1:04:01,0:00:00,0:00:00,0:00:00,0:00:00,0:00:00,0:00:00,0:00:00,0:00:00,1:04:06,1:04:04,1:04:01,0:00:00,0:00:00,0:00:00,0:00:00,0:00:00,0:00:00,0:00:00,1:04:01,1:04:04,1:04:13,0:00:00,0:00:00,0:00:00,0:00:00,0:00:00,0:00:00,0:00:00,0:00:00,1:04:01,1:04:01,1:01:01
1:04:01,0:00:00,0:00:00,0:00:00,0:00:00,0:00:00,0:00:00,0:00:00,0:00:00,0:00:00,1:04:01,1:04:01,0:00:00,0:00:00,1:04:01,1:04:01,1:04:01,0:00:00,0:00:00,1:04:01,1:04:01,0:00:00,0:00:00,0:00:00,0:00:00,0:00:00,0:00:00,0:00:00,0:00:00,0:00:00,1:04:01,1:04:01,1:01:01
1:04:01,0:00:00,1:07:00,0:00:00,0:00:00,0:00:00,0:00:00,0:00:00,0:00:00,0:00:00,0:00:00,0:00:00,0:00:00,0:00:00,0:00:00,0:00:00,0:00:00,0:00:00,0:00:00,0:00:00,0:00:00,0:00:00,0:00:00,1:07:00,0:00:00,0:00:00,0:00:00,0:00:00,0:00:00,0:00:00,1:04:01,1:04:01,1:01:01
1:04:01,1:04:01,1:04:01,1:04:01,1:04:01,1:04:01,1:04:01,1:04:01,1:04:01,1:04:01,1:04:01,1:04:01,1:04:01,0:00:00,0:00:00,0:00:00,0:00:00,0:00:00,1:04:01,1:04:01,1:04:01,1:04:01,1:04:01,1:04:01,1:04:01,1:04:01,1:04:01,1:04:01,1:04:01,1:04:01,1:04:01,1:04:01,1:01:01
1:04:01,1:04:01,1:04:01,1:04:01,1:04:01,1:04:01,1:04:01,1:04:01,1:04:01,1:04:01,1:04:01,0:00:00,0:00:00,0:00:00,0:00:00,0:00:00,0:00:00,0:00:00,0:00:00,0:00:00,1:04:01,1:04:01,1:04:01,1:04:01,1:04:01,1:04:01,1:04:01,1:04:01,1:04:01,1:04:01,1:04:01,1:04:01,1:01:01
1:04:01,0:00:00,0:00:00,1:04:01,1:04:01,1:04:01,1:04:01,1:04:01,1:04:01,0:00:00,0:00:00,0:00:00,0:00:00,1:04:01,0:00:00,0:00:00,0:00:00,1:04:01,0:00:00,0:00:00,0:00:00,0:00:00,1:04:01,1:04:01,1:04:01,1:04:01,1:04:01,0:00:00,0:00:00,0:00:00,0:00:00,1:04:01,1:01:01
1:04:01,0:00:00,0:00:00,0:00:00,0:00:00,0:00:00,0:00:00,0:00:00,0:00:00,0:00:00,0:00:00,0:00:00,0:00:00,0:00:00,0:00:00,0:00:00,0:00:00,0:00:00,0:00:00,0:00:00,0:00:00,0:00:00,0:00:00,0:00:00,0:00:00,0:00:00,0:00:00,0:00:00,0:00:00,0:00:00,0:00:00,1:04:01,1:01:01
1:04:01,1:04:01,0:00:00,0:00:00,0:00:00,0:00:00,0:00:00,0:00:00,0:00:00,0:00:00,1:04:01,0:00:00,0:00:00,0:00:00,0:00:00,0:00:00,0:00:00,0:00:00,0:00:00,0:00:00,1:04:01,0:00:00,0:00:00,0:00:00,0:00:00,0:00:00,0:00:00,0:00:00,0:00:00,1:04:01,1:04:01,1:04:01,1:01:01
1:04:01,1:04:01,1:04:01,0:00:00,0:00:00,0:00:00,0:00:00,0:00:00,0:00:00,0:00:00,1:04:01,1:04:01,0:00:00,0:00:00,1:04:01,1:04:01,1:04:01,0:00:00,0:00:00,1:04:01,1:04:01,0:00:00,0:00:00,0:00:00,0:00:00,0:00:00,0:00:00,0:00:00,0:00:00,0:00:00,1:04:01,1:04:01,1:01:01
1:04:01,1:04:01,0:00:00,0:00:00,0:00:00,0:00:00,0:00:00,0:00:00,1:04:01,0:00:00,1:04:01,1:04:01,0:00:00,0:00:00,0:00:00,0:00:00,0:00:00,0:00:00,0:00:00,1:04:01,1:04:01,1:04:01,0:00:00,0:00:00,0:00:00,0:00:00,0:00:00,1:04:01,0:00:00,0:00:00,1:04:01,1:04:01,1:01:01
1:04:01,1:04:01,0:00:00,0:00:00,1:04:01,0:00:00,0:00:00,0:00:00,0:00:00,0:00:00,1:04:01,1:04:01,1:04:01,0:00:00,0:00:00,0:00:00,0:00:00,0:00:00,1:04:01,1:04:01,1:04:01,0:00:00,0:00:00,0:00:00,0:00:00,0:00:00,0:00:00,0:00:00,0:00:00,0:00:00,1:04:01,1:04:01,1:01:01
1:04:01,1:04:01,0:00:00,0:00:00,0:00:00,0:00:00,0:00:00,0:00:00,0:00:00,0:00:00,1:04:01,1:04:01,0:00:00,0:00:00,0:00:00,0:00:00,0:00:00,0:00:00,0:00:00,1:04:01,1:04:01,0:00:00,1:04:01,0:00:00,0:00:00,0:00:00,0:00:00,0:00:00,0:00:00,1:04:01,1:04:01,1:04:01,1:01:01
1:04:01,1:04:01,1:04:01,0:00:00,0:00:00,0:00:00,1:04:01,0:00:00,0:00:00,0:00:00,1:04:01,1:04:01,0:00:00,0:00:00,1:04:01,1:04:01,1:04:01,0:00:00,0:00:00,1:04:01,1:04:01,0:00:00,0:00:00,1:04:01,0:00:00,0:00:00,0:00:00,0:00:00,0:00:00,0:00:00,1:04:01,1:04:01,1:01:01
1:04:01,1:04:01,0:00:00,0:00:00,0:00:00,0:00:00,0:00:00,0:00:00,0:00:00,0:00:00,1:04:01,1:04:01,0:00:00,0:00:00,0:00:00,0:00:00,0:00:00,0:00:00,0:00:00,1:04:01,1:04:01,0:00:00,0:00:00,0:00:00,0:00:00,0:00:00,0:00:00,1:04:01,0:00:00,0:00:00,1:04:01,1:04:01,1:01:01
1:04:01,1:04:01,0:00:00,0:00:00,1:04:01,0:00:00,0:00:00,0:00:00,0:00:00,0:00:00,1:04:01,1:04:01,1:04:01,0:00:00,0:00:00,0:00:00,0:00:00,0:00:00,1:04:01,1:04:01,1:04:01,0:00:00,0:00:00,0:00:00,0:00:00,1:04:01,0:00:00,0:00:00,0:00:00,0:00:00,1:04:01,1:04:01,1:01:01
1:04:01,1:04:01,0:00:00,0:00:00,0:00:00,0:00:00,1:07:00,0:00:00,0:00:00,0:00:00,1:04:01,1:04:01,0:00:00,0:00:00,0:00:00,0:00:00,0:00:00,0:00:00,0:00:00,1:04:01,1:04:01,0:00:00,0:00:00,1:07:00,0:00:00,0:00:00,0:00:00,0:00:00,0:00:00,0:00:00,1:04:01,1:04:01,1:01:01
1:04:01,1:04:01,1:04:01,1:04:01,1:04:01,1:04:01,1:04:01,1:04:01,1:04:01,1:04:01,1:04:01,1:04:01,1:04:01,1:04:01,1:04:01,1:04:01,1:04:01,1:04:01,1:04:01,1:04:01,1:04:01,1:04:01,1:04:01,1:04:01,1:04:01,1:04:01,1:04:01,1:04:01,1:04:01,1:04:01,1:04:01,1:04:01,1:01:01
1:04:01,1:04:01,1:04:01,1:04:01,1:04:01,1:04:01,1:04:01,1:04:01,1:04:01,1:04:01,1:04:01,1:04:01,1:04:01,1:04:01,1:04:01,1:04:01,1:04:01,1:04:01,1:04:01,1:04:01,1:04:01,1:04:01,1:04:01,1:04:01,1:04:01,1:04:01,1:04:01,1:04:01,1:04:01,1:04:01,1:04:01,1:04:01,1:01:01
//*END,,,,,,,,,,,,,,,,,,,,,,,,,,,,,,,,
